timestamp,OP_UNIQUE_CARRIER,flights,cancellations,avg_dep_delay,flights_rolling_mean,cancellations_rolling_mean,delay_rolling_mean,flights_rolling_std,cancellations_rolling_std,delay_rolling_std,cancellation_spike_flag,delay_spike_flag
2025-10-01,AA,2470,0.0,7.839676113360324,,,,,,,,
2025-10-02,AA,2822,1.0,17.460475008862105,,,,,,,,
2025-10-03,AA,2595,1.0,11.670393215111796,,,,,,,,
2025-10-04,AA,2353,0.0,10.121546961325967,,,,,,,,
2025-10-05,AA,2818,0.0,11.687012065294535,2611.6,0.4,11.755820672790945,208.60800559901818,0.5477225575051661,3.555353440355479,false,false
2025-10-06,AA,2907,5.0,19.563899414398897,2699.0,1.4,14.100665332998659,225.3253203703481,2.073644135332772,4.14429051122321,true,true
2025-10-07,AA,2684,6.0,13.23665546845838,2671.4,2.4,13.255901424917914,214.6935024633955,2.8809720581775866,3.694273847851461,true,false
2025-10-08,AA,2691,0.0,13.850613154960982,2690.6,2.2,13.691945412887753,210.4027091080341,3.0331501776206204,3.5874716379694895,false,false
2025-10-09,AA,2961,2.0,19.48969246367016,2812.2,2.6,15.56557451335659,124.78661787227038,2.7928480087537886,3.7011318114958063,false,true
2025-10-10,AA,2948,0.0,23.942672998643147,2838.2,2.6,18.01670670002631,139.02769508267062,2.7928480087537886,4.468942663827112,false,true
2025-10-11,AA,2610,1.0,16.90954388654657,2778.8,1.8,17.485835594455846,163.56558317690198,2.489979919597747,4.396267669193761,false,false
2025-10-12,AA,2947,4.0,26.918450560652396,2831.4,1.4,20.22219461289465,167.69406668096528,1.6733200530681513,5.262819293049587,true,true
2025-10-13,AA,2941,19.0,30.445090660280535,2881.4,5.2,23.54109011395856,151.89239612304505,7.854934754662192,5.468644352827359,true,true
2025-10-14,AA,2685,5.0,16.938805970149254,2826.2,5.8,23.03091281525438,165.2927705618126,7.661592523751182,6.031152726575373,false,false
2025-10-15,AA,2691,2.0,12.437709185570844,2774.8,6.2,20.72992005263992,157.7345872026805,7.328028384224504,7.589648063069476,false,false
2025-10-16,AA,2963,3.0,17.163513513513514,2845.4,6.6,20.780713978033308,143.92637006469664,7.021395872616783,7.558473925380079,false,false
2025-10-17,AA,2955,0.0,15.448730964467005,2847.0,5.8,18.486770058796232,145.3753761818005,7.5960516059331775,6.945672237064554,false,false
2025-10-18,AA,2612,147.0,30.235008103727715,2781.2,31.4,18.444753547485664,165.28520804960132,64.64750575234902,6.8552952145639825,true,true
2025-10-19,AA,2950,35.0,23.809948542024014,2834.2,37.4,19.818982061860616,169.16766830573746,62.95474565114214,7.15987445927691,false,false
2025-10-20,AA,2948,5.0,21.221202854230377,2885.6,38.0,21.575680795592525,153.0565255061019,62.545983084447556,5.854662474499488,false,false
2025-10-21,AA,2681,4.0,12.208442286141203,2829.2,38.2,20.58466655011806,168.57550237208255,62.40753159675521,7.079471762700282,false,false
2025-10-22,AA,2691,4.0,13.139136904761905,2776.4,39.0,20.122747738177043,160.47211595788224,61.818282085480185,7.557561018134059,false,false
2025-10-23,AA,2964,6.0,17.68874619803988,2846.8,10.8,17.613495357039476,146.96155959978103,13.553597308463905,5.016266799293034,false,false
2025-10-24,AA,2788,89.0,25.411851851851853,2814.4,21.6,17.933876019005044,135.96801094375104,37.686867739306756,5.535269720402706,true,true
2025-10-25,AA,2591,53.0,23.534672970843182,2743.0,31.2,18.396570042327603,141.87846912058222,38.50584371235099,5.959211849910668,false,false
2025-10-26,AA,2952,26.0,36.051264524948735,2797.2,35.6,23.165134490089113,162.53215066564528,35.781280021821466,8.685449055374113,false,true
2025-10-27,AA,2941,17.0,30.791524265208476,2847.2,38.2,26.695611962178425,160.13025947646506,33.29714702493293,7.019044427313515,false,false
2025-10-28,AA,2539,7.0,11.974328593996841,2762.2,38.4,25.552728441369815,192.21524393242072,33.05752561823102,9.029529031084802,false,false
2025-10-29,AA,2627,1.0,12.942878903274943,2730.0,20.8,23.058933851654437,200.13495446822876,20.37645700312005,10.653907498827152,false,false
2025-10-30,AA,2867,74.0,25.167322130854487,2785.2,25.0,23.385463683656695,190.01894642377113,29.008619408720573,10.697065540893286,true,false
2025-10-31,AA,2291,39.0,20.612344582593252,2653.0,27.6,20.2976796951856,261.4651028340111,29.695117443781896,8.020356499944107,false,false
2025-10-01,AS,653,4.0,10.667180277349768,,,,,,,,
2025-10-02,AS,724,7.0,7.822873082287308,,,,,,,,
2025-10-03,AS,737,0.0,9.16010854816825,,,,,,,,
2025-10-04,AS,604,3.0,6.8236272878535775,,,,,,,,
2025-10-05,AS,692,10.0,7.213138686131387,682.0,4.8,8.337385576358058,54.34611301647985,3.8340579025361627,1.5751932238513242,true,false
2025-10-06,AS,705,2.0,9.506401137980085,692.4,4.4,8.105229748484122,52.347874837475494,4.03732584763727,1.1825932481558021,false,true
2025-10-07,AS,631,1.0,7.4714285714285715,673.8,3.2,8.034940846312374,54.77864547430868,3.9623225512317903,1.2136085817288287,false,false
2025-10-08,AS,633,2.0,9.063391442155309,653.0,3.6,8.015597425109785,43.33012808658657,3.6469165057620945,1.1917655589139993,false,false
2025-10-09,AS,708,4.0,7.213068181818182,673.8,3.8,8.093485603902707,38.63547592563082,3.6331804249169903,1.1038736483293285,false,false
2025-10-10,AS,697,5.0,9.97543352601156,674.8,2.8,8.645944571878742,39.283584357845946,1.643167672515499,1.236407179625533,true,true
2025-10-11,AS,596,1.0,10.132773109243697,653.0,2.6,8.771218966131464,47.68123320552855,1.8165902124584954,1.3699102236476326,false,false
2025-10-12,AS,692,8.0,14.413742690058479,665.2,4.0,10.159681789857444,48.44274971551469,2.738612787525831,2.64651137934399,true,true
2025-10-13,AS,705,8.0,15.597421203438396,679.6,5.2,11.466487742114063,47.16248509143679,2.9495762407505253,3.4584873262478917,false,true
2025-10-14,AS,631,1.0,11.517460317460317,664.2,4.6,12.32736616924249,48.13210986441378,3.5071355833500366,2.551960043737139,false,false
2025-10-15,AS,633,0.0,6.459715639810427,651.4,3.6,11.624222592002264,45.676033102711514,4.03732584763727,3.6220050174420533,false,false
2025-10-16,AS,702,0.0,7.1239316239316235,672.6,3.4,11.022454294939848,37.38047618744307,4.219004621945797,4.1440696545314,false,false
2025-10-17,AS,698,1.0,5.820659971305595,673.8,2.0,9.30383775118927,38.24526114435616,3.391164991562634,4.167819162664488,false,false
2025-10-18,AS,597,6.0,8.02027027027027,652.2,1.6,7.788407564555646,45.94235518560187,2.5099800796022267,2.2382233939857192,true,false
2025-10-19,AS,692,7.0,11.287591240875912,664.4,2.8,7.742433749238765,46.9925526014495,3.420526275297414,2.142805395605616,true,true
2025-10-20,AS,705,6.0,8.962804005722461,678.8,4.0,8.243051422421171,45.98586739423319,3.24037034920393,2.0589625661293613,false,false
2025-10-21,AS,631,0.0,7.274167987321712,664.6,4.0,8.27309869509919,47.95101667326772,3.24037034920393,2.0395525973451827,false,false
2025-10-22,AS,629,4.0,5.2688,650.8,4.6,8.162726700838071,45.81702740248432,2.7928480087537886,2.213003855575967,false,false
2025-10-23,AS,703,161.0,54.36050724637681,672.0,35.6,17.43077409605938,38.66522985836241,70.1519778766073,20.762470139400456,true,true
2025-10-24,AS,704,137.0,39.00705467372134,674.4,61.6,22.974666782628468,40.543803472294016,80.2639395992995,22.35198046332128,false,false
2025-10-25,AS,601,11.0,19.016949152542374,653.6,62.6,24.98549581199245,47.07228483938293,79.42480720782393,21.198810025357382,false,false
2025-10-26,AS,682,1.0,11.698972099853156,663.8,62.8,25.870456634498737,46.47257255629389,79.2287826487319,20.349956920827864,false,false
2025-10-27,AS,694,6.0,7.930232558139535,676.8,63.2,26.402743146126642,43.28625647939541,78.86190461813612,19.700823116624385,false,false
2025-10-28,AS,627,4.0,5.486356340288925,661.6,31.8,16.627912964909065,45.09212791607867,58.92113372975778,13.514916426471727,false,false
2025-10-29,AS,633,10.0,17.097444089456868,647.4,6.4,12.245990848056172,39.19566302539098,4.15932686861703,5.78792131773265,false,false
2025-10-30,AS,698,13.0,15.631732168850073,666.8,6.8,11.568947451317712,34.171625656383426,4.764451699828591,4.932685927716283,true,false
2025-10-31,AS,600,2.0,11.100334448160535,650.4,7.0,11.449219920979186,43.46607872813007,4.472135954999529,4.936004967984164,false,false
2025-10-01,B6,535,0.0,7.134579439252336,,,,,,,,
2025-10-02,B6,616,0.0,5.824675324675325,,,,,,,,
2025-10-03,B6,622,0.0,11.763665594855306,,,,,,,,
2025-10-04,B6,547,0.0,7.469835466179159,,,,,,,,
2025-10-05,B6,621,2.0,15.080775444264944,588.2,0.4,9.454706253845414,43.35550714730482,0.8944271909999159,3.856286192701498,true,true
2025-10-06,B6,625,1.0,19.112179487179485,606.2,0.6,11.850226263430844,33.25206760488735,0.8944271909999159,5.446902629826199,false,true
2025-10-07,B6,564,0.0,10.578014184397164,595.8,0.6,12.800894035375212,37.30549557370869,0.8944271909999159,4.457224653039816,false,false
2025-10-08,B6,562,0.0,16.95017793594306,583.8,0.6,13.838196503592764,36.41016341627703,0.8944271909999159,4.7494246606168184,false,false
2025-10-09,B6,628,1.0,16.819776714513555,600.0,0.8,15.70818475325964,33.87476937190863,0.8366600265340756,3.204592657786112,false,false
2025-10-10,B6,630,0.0,19.711111111111112,601.8,0.4,16.634251886628874,35.47111500925787,0.5477225575051661,3.6200632493501397,false,false
2025-10-11,B6,550,1.0,13.233151183970856,586.8,0.4,15.45844622598715,38.89987146508325,0.5477225575051661,3.568409931441687,true,false
2025-10-12,B6,628,1.0,40.96491228070175,599.6,0.6,21.535825845248066,40.034984700883776,0.5477225575051661,11.102056974497309,false,true
2025-10-13,B6,632,45.0,64.04258943781942,613.6,9.6,30.954308145623337,35.59213396243611,19.793938466106233,21.420086463493572,true,true
2025-10-14,B6,566,23.0,39.270718232044196,601.2,14.0,35.44449644912947,39.864771415373724,19.849433241279208,20.024042794587825,false,false
2025-10-15,B6,559,0.0,6.65474060822898,587.0,14.0,32.833222348553036,39.686269665968844,19.849433241279208,23.189793144831654,false,false
2025-10-16,B6,618,0.0,14.72653721682848,600.6,13.8,33.13189955512456,35.23918273740182,20.0174923504419,22.881811777230553,false,false
2025-10-17,B6,621,0.0,8.78743961352657,599.2,13.6,26.696405021689525,33.995587949026536,20.181674856165927,24.58926560958095,false,false
2025-10-18,B6,548,0.0,11.33941605839416,582.4,4.6,16.155770345804477,34.48622913569993,10.285912696499032,13.267466370759369,false,false
2025-10-19,B6,617,0.0,16.641815235008103,592.6,0.0,11.629989746397259,35.93466293149274,0.0,4.111709780547882,false,true
2025-10-20,B6,621,0.0,26.314009661835748,605.0,0.0,15.561843557118612,31.91394679446587,0.0,6.730427070839231,false,true
2025-10-21,B6,560,0.0,9.533928571428572,593.4,0.0,14.523321828038629,36.25327571406476,0.0,7.270487942828588,false,false
2025-10-22,B6,557,0.0,12.443447037701976,580.6,0.0,15.25452331287371,35.35958144548657,0.0,6.711785083248356,false,false
2025-10-23,B6,608,2.0,18.884488448844884,592.6,0.4,16.763537790963856,31.500793640795745,0.8944271909999159,6.454750084505982,true,false
2025-10-24,B6,610,0.0,17.567213114754097,591.2,0.4,16.948617366913055,30.27705401785315,0.8944271909999159,6.463648350815374,false,false
2025-10-25,B6,548,0.0,6.706204379562044,576.6,0.4,13.027056310458315,29.913207785190778,0.8944271909999159,5.182138684465627,false,false
2025-10-26,B6,634,0.0,17.014195583596216,591.4,0.4,14.523109712891841,37.091778064687034,0.8944271909999159,4.998067242637283,false,false
2025-10-27,B6,638,0.0,20.264890282131663,607.6,0.4,16.08739836177778,35.983329473521465,0.8944271909999159,5.392836846810093,false,false
2025-10-28,B6,549,0.0,12.670309653916211,595.8,0.0,14.844562602792047,44.488200682877675,0.0,5.302365879690129,false,false
2025-10-29,B6,551,0.0,9.655172413793103,584.0,0.0,13.262154462599847,47.502631506054456,0.0,5.464823940463839,false,false
2025-10-30,B6,635,81.0,57.93884892086331,601.4,16.2,23.508683370860098,46.949973375924266,36.2243012354966,19.669309696121438,true,true
2025-10-31,B6,601,36.0,32.09911504424779,594.8,23.4,26.525667262990417,43.40737264566928,35.774292445833225,19.580814343235964,false,false
2025-10-01,DL,2880,0.0,5.996875,,,,,,,,
2025-10-02,DL,3044,0.0,8.021024967148488,,,,,,,,
2025-10-03,DL,3052,0.0,6.211992136304063,,,,,,,,
2025-10-04,DL,2526,0.0,6.378463974663499,,,,,,,,
2025-10-05,DL,3043,0.0,9.301347354584292,2909.0,0.0,7.181940686540068,225.92033994308701,0.0,1.4306207352546365,false,true
2025-10-06,DL,3079,0.0,12.450795712893797,2948.8,0.0,8.472724829118828,236.80097128179182,0.0,2.559909024077634,false,true
2025-10-07,DL,2901,0.0,7.6366770079283,2920.2,0.0,8.395855237274791,230.99285703241992,0.0,2.582534383579359,false,false
2025-10-08,DL,2916,2.0,8.648713550600343,2893.0,0.4,8.883199520134045,219.30458271545533,0.8944271909999159,2.279533526959892,true,false
2025-10-09,DL,3080,0.0,9.47012987012987,3003.8,0.4,9.50153269922732,88.42341318904163,0.8944271909999159,1.7989024350490372,false,false
2025-10-10,DL,3070,4.0,16.201239399869536,3009.2,1.2,10.881511108284368,92.16127169261493,1.7888543819998317,3.473776530607707,true,true
2025-10-11,DL,2586,33.0,15.187866927592955,2910.6,7.8,11.428925351224201,199.74433659055262,14.184498581197715,3.9639698549486186,true,false
2025-10-12,DL,3067,39.0,16.455416116248347,2943.8,15.6,13.19267317288821,211.21600318157707,18.796276226955168,3.8138778842958954,true,false
2025-10-13,DL,3078,17.0,20.954916693890887,2976.2,18.6,15.653913801546318,218.19532533947643,17.21336689901194,4.107888336325127,false,true
2025-10-14,DL,2908,5.0,19.765415087840164,2941.8,19.6,17.71297084508838,211.18522675603984,15.96245595138793,2.4982827056207504,false,false
2025-10-15,DL,2918,8.0,7.170271198077583,2911.4,20.4,15.906777204729988,198.68769463658282,15.059880477613358,5.4202668859816665,false,false
2025-10-16,DL,3080,4.0,6.411114722131947,3010.2,14.6,14.151426763637787,88.93930514682457,14.570518178843193,6.923901909377244,false,false
2025-10-17,DL,3085,0.0,8.4,3013.8,6.8,12.540343540388116,92.12057316365312,6.379655163094631,7.1859979773528115,false,false
2025-10-18,DL,2581,1.0,11.342502905850445,2914.4,3.6,10.617860782780028,204.77866099767326,3.2093613071762395,5.447576268068048,false,false
2025-10-19,DL,3066,0.0,11.57860404435747,2946.0,2.6,8.980498574083487,215.4564921277611,3.435112807463531,2.374070956394152,false,true
2025-10-20,DL,3080,2.0,17.07894736842105,2978.4,1.4,10.962233808152183,222.2662817433179,1.6733200530681447,4.037834464657287,false,true
2025-10-21,DL,2900,3.0,6.372799447704522,2942.4,1.2,10.954570753266697,216.19042531990166,1.3038404810405213,4.048652796226353,true,false
2025-10-22,DL,2912,5.0,7.779153766769866,2907.8,2.2,10.830401506620671,200.97064462254178,1.9235384061671288,4.154717473944218,true,false
2025-10-23,DL,3074,0.0,11.02537410540013,3006.4,2.0,10.766975746530608,91.88471037120355,2.1213203435596375,4.147359445754503,false,false
2025-10-24,DL,3083,0.0,12.020434641582874,3009.8,2.0,10.855341865975689,94.90626955054107,2.1213203435596375,4.173599685570593,false,false
2025-10-25,DL,2579,2.0,9.778812572759023,2909.6,2.0,9.395314906843282,204.01544059212762,2.1213203435596375,2.3153290048985506,false,false
2025-10-26,DL,3033,0.0,9.896142433234422,2936.2,1.4,10.099983503949264,211.0016587612523,2.1908902300206594,1.5870911249373643,false,false
2025-10-27,DL,3032,0.0,13.950857519788919,2960.2,0.4,11.334324254553074,214.35881134210453,0.8944271909999034,1.7248498144263733,false,true
2025-10-28,DL,2683,2.0,8.119686800894854,2882.0,0.8,10.753186793652018,232.97639365394932,1.0954451150103222,2.2610986019408084,true,false
2025-10-29,DL,2696,2.0,6.002598366740906,2804.6,1.2,9.549619538683626,212.92792207693182,1.0954451150103224,2.922737165674085,false,false
2025-10-30,DL,2713,96.0,27.449104079298515,2831.4,20.0,13.083677839991523,183.88664986887972,42.49705872175156,8.544892438557621,true,true
2025-10-31,DL,2352,104.0,17.230666666666668,2695.2,40.8,14.550582686677973,240.66927514745197,54.12208421707353,8.49027137904252,true,false
2025-10-01,F9,190,0.0,5.21578947368421,,,,,,,,
2025-10-02,F9,644,4.0,11.238317757009346,,,,,,,,
2025-10-03,F9,716,0.0,13.762569832402235,,,,,,,,
2025-10-04,F9,346,0.0,7.3497109826589595,,,,,,,,
2025-10-05,F9,714,0.0,16.831932773109244,522.0,0.8,10.879664163772798,240.0958142075784,1.788854381999832,4.701311653616762,false,true
2025-10-06,F9,693,3.0,29.56231884057971,622.6,1.4,15.748970037151901,157.32069158251244,1.949358868961793,8.467891353266454,false,true
2025-10-07,F9,281,0.0,9.626334519572953,550.0,0.6,15.426573389664622,217.300483202408,1.341640786499874,8.709789314043537,false,false
2025-10-08,F9,294,0.0,7.636054421768708,465.6,0.6,14.201270307537916,218.65566537366465,1.341640786499874,9.405558985452778,false,false
2025-10-09,F9,683,1.0,16.661290322580644,533.0,0.8,16.063586175522254,224.4359596856083,1.30384048104053,8.596872842008741,false,false
2025-10-10,F9,748,2.0,26.20643431635389,539.8,1.2,17.938486484171182,231.68879990193744,1.30384048104053,9.75109797309717,false,false
2025-10-11,F9,459,1.0,12.170305676855895,493.0,0.8,14.460083851426418,216.11686653290158,0.8366600265340757,7.382371799129345,false,false
2025-10-12,F9,743,8.0,25.119565217391305,585.4,2.4,17.558729990990088,201.05546498416803,3.2093613071762426,8.066117783967012,true,false
2025-10-13,F9,732,5.0,35.23246217331499,673.0,3.4,23.078011541299347,122.37442543276784,3.0495901363953815,8.96992194868382,false,true
2025-10-14,F9,285,0.0,12.07719298245614,593.4,3.2,22.161192073274442,211.34403232644166,3.271085446759226,9.968436526645064,false,false
2025-10-15,F9,294,0.0,9.714285714285714,502.6,2.8,18.86276235286081,225.37812671153335,3.5637059362410928,10.973174189184116,false,false
2025-10-16,F9,686,0.0,12.540816326530612,548.0,2.6,18.93686448279575,236.9651873166183,3.7148351242013424,10.917792550649043,false,false
2025-10-17,F9,744,3.0,11.008097165991902,548.2,1.6,16.114570872515873,237.17124614927502,2.302172886644268,10.742504752074192,false,false
2025-10-18,F9,460,2.0,9.64488017429194,493.8,1.0,10.997054472711262,214.59310333745577,1.414213562373095,1.325131391930179,false,false
2025-10-19,F9,746,8.0,19.852303523035232,586.0,2.6,12.55207658082708,201.0621794371085,3.286335345030997,4.2480042544381975,true,true
2025-10-20,F9,732,4.0,26.946428571428573,673.6,3.4,15.998505152255651,121.84744560309856,2.9664793948382657,7.279030212195366,false,true
2025-10-21,F9,286,0.0,4.996503496503497,593.6,3.4,14.489642586250227,210.63428021098565,2.9664793948382657,8.798326836995468,false,false
2025-10-22,F9,293,0.0,18.044368600682596,503.4,2.8,15.896896873188368,226.12341762851537,3.3466401061363027,8.663938421789053,false,false
2025-10-23,F9,692,2.0,9.47536231884058,549.8,2.8,15.862993302098095,238.4579627523476,3.3466401061363027,8.694796746832985,false,false
2025-10-24,F9,752,2.0,13.913333333333334,551.0,1.6,14.675199264157717,239.70398411373975,1.6733200530681507,8.414723204702675,false,false
2025-10-25,F9,462,0.0,13.608225108225108,497.0,0.8,12.007558571517025,218.181117423117,1.0954451150103304,4.954899021667572,false,false
2025-10-26,F9,757,5.0,25.257636122177956,591.2,1.8,16.059785096651915,205.6227127532365,2.0493901531919194,5.96889981567606,true,true
2025-10-27,F9,735,1.0,58.14693877551021,679.6,2.0,24.080299131617437,124.30325820347612,1.8708286933869707,19.92647589399767,false,true
2025-10-28,F9,219,0.0,26.100456621004565,585.0,1.6,27.405317992050236,239.30002089427407,2.073644135332772,18.191728003970884,false,false
2025-10-29,F9,217,0.0,4.589861751152074,478.0,1.2,25.540623675613983,264.2669105279735,2.1679483388678795,20.27857144908371,false,false
2025-10-30,F9,662,19.0,24.270606531881803,518.0,5.0,27.673099960345326,276.1104851323107,8.093207028119323,19.24431976267292,true,false
2025-10-31,F9,670,9.0,20.003025718608168,500.6,5.8,26.622177879631362,259.5270698790397,8.28854631404084,19.550247822813006,false,false
2025-10-01,G4,166,0.0,12.132530120481928,,,,,,,,
2025-10-02,G4,490,0.0,9.636734693877552,,,,,,,,
2025-10-03,G4,452,0.0,21.654867256637168,,,,,,,,
2025-10-04,G4,226,0.0,14.561946902654867,,,,,,,,
2025-10-05,G4,490,0.0,11.889795918367346,364.8,0.0,13.975174978403771,156.31762536579168,0.0,4.633793930957417,false,false
2025-10-06,G4,452,0.0,13.382743362831858,422.0,0.0,14.225217626873757,111.20251795710384,0.0,4.542334567563938,false,false
2025-10-07,G4,102,0.0,6.284313725490196,344.4,0.0,13.554733433196287,171.12217857425728,0.0,5.529178220348383,false,false
2025-10-08,G4,184,0.0,7.7771739130434785,290.8,0.0,10.779194764477548,170.96549359446777,0.0,3.5894706682529156,false,false
2025-10-09,G4,500,0.0,21.916,345.6,0.0,12.250005383946576,188.06062852176157,0.0,6.1326991699486,false,true
2025-10-10,G4,462,0.0,44.16450216450217,340.0,0.0,18.70494663317354,183.03551567933476,0.0,15.496080292113344,false,true
2025-10-11,G4,256,0.0,14.0,300.8,0.0,18.82839796060717,173.8079399797374,0.0,15.445456384463393,false,false
2025-10-12,G4,500,4.0,24.768145161290324,380.4,0.8,22.525164247767194,149.42824364891666,1.7888543819998317,13.818869656183377,true,false
2025-10-13,G4,462,0.0,11.595238095238095,436.0,0.8,23.288777084206114,102.40117186829457,1.7888543819998317,12.873317154730426,false,false
2025-10-14,G4,122,0.0,10.262295081967213,360.4,0.8,20.95803610059956,164.21571179396935,1.7888543819998317,14.173321126623101,false,false
2025-10-15,G4,174,0.0,7.551724137931035,302.8,0.8,13.635480495285332,170.07410149696514,1.7888543819998317,6.644963456149606,false,false
2025-10-16,G4,500,0.0,10.19,351.6,0.8,12.873480495285332,187.41077877219337,1.7888543819998317,6.809137219727789,false,false
2025-10-17,G4,452,0.0,10.898230088495575,342.0,0.0,10.099497480726383,178.94691950408088,0.0,1.5330571202532552,false,false
2025-10-18,G4,242,0.0,10.863636363636363,298.0,0.0,9.953177134406037,168.8253535462017,0.0,1.3820886877815877,false,false
2025-10-19,G4,500,0.0,24.658,373.6,0.0,12.83231811801259,154.32044582620932,0.0,6.751475285986599,false,true
2025-10-20,G4,452,0.0,8.307522123893806,429.2,0.0,12.983477715205149,107.3647987005052,0.0,6.6106832860899125,false,false
2025-10-21,G4,108,0.0,12.583333333333334,350.8,0.0,13.462144381871815,168.47314326028348,0.0,6.442350559540768,false,false
2025-10-22,G4,142,0.0,12.169014084507042,288.8,0.0,13.716301181074106,178.65385526206816,0.0,6.340171014991254,false,false
2025-10-23,G4,472,0.0,13.572033898305085,334.8,0.0,14.257980688007853,192.65305603597366,0.0,6.148314952985318,false,false
2025-10-24,G4,432,0.0,12.622685185185185,321.2,0.0,11.850917725044889,180.06443291222175,0.0,2.0464075961189696,false,false
2025-10-25,G4,182,0.0,4.725274725274725,267.2,0.0,11.134468245321074,171.3044074155712,0.0,3.61952250603404,false,false
2025-10-26,G4,472,0.0,22.1885593220339,340.0,0.0,13.055513443061187,163.92071254115513,0.0,6.205751745698246,false,true
2025-10-27,G4,432,0.0,20.88888888888889,398.0,0.0,14.799488403937556,122.39281024635396,0.0,7.060702255418863,false,false
2025-10-28,G4,86,0.0,11.36046511627907,320.8,0.0,14.357174647532352,174.63447540505857,0.0,7.224197095055644,false,false
2025-10-29,G4,112,0.0,19.026785714285715,256.8,0.0,15.637994753352459,182.16805427955805,0.0,7.40524151826307,false,false
2025-10-30,G4,438,1.0,23.302059496567505,308.0,0.2,19.353351707611015,191.6194144652363,0.4472135954999579,4.74292766296368,true,false
2025-10-31,G4,410,0.0,20.880487804878047,295.6,0.2,19.091737404179845,180.00777760974665,0.4472135954999579,4.580747304979835,false,false
2025-10-01,HA,207,0.0,9.97584541062802,,,,,,,,
2025-10-02,HA,215,0.0,4.902325581395349,,,,,,,,
2025-10-03,HA,220,0.0,8.222727272727273,,,,,,,,
2025-10-04,HA,210,0.0,9.004761904761905,,,,,,,,
2025-10-05,HA,212,0.0,4.080188679245283,212.8,0.0,7.237169769751565,4.969909455915671,0.0,2.5987533936037113,false,false
2025-10-06,HA,216,0.0,9.606481481481481,214.6,0.0,7.163296983922258,3.847076812334267,0.0,2.5049992306409394,false,false
2025-10-07,HA,213,1.0,8.617924528301886,214.2,0.2,7.906416773303564,3.898717737923583,0.4472135954999579,2.199028142442679,true,false
2025-10-08,HA,209,0.0,8.047846889952153,212.0,0.2,7.871440696748541,2.738612787525823,0.4472135954999579,2.1941246888687322,false,false
2025-10-09,HA,219,0.0,19.652968036529682,213.8,0.2,10.001081923102097,3.834057902536155,0.4472135954999579,5.7900743374711405,false,true
2025-10-10,HA,222,1.0,12.891402714932127,215.8,0.4,11.763324730239466,5.0695167422546215,0.5477225575051661,4.792424288702071,true,false
2025-10-11,HA,211,3.0,13.711538461538462,214.8,1.0,12.584336126250863,5.4954526656136276,1.224744871391589,4.680880997017878,true,false
2025-10-12,HA,211,2.0,8.779904306220097,214.4,1.2,12.616732081834504,5.727128425310535,1.3038404810405297,4.647004966970659,false,false
2025-10-13,HA,215,0.0,12.530232558139534,215.6,1.2,13.51320921547198,4.878524367060178,1.3038404810405297,3.920874732362767,false,false
2025-10-14,HA,213,0.0,7.0,214.4,1.2,10.982615608166043,4.560701700396542,1.3038404810405297,2.9239857448604356,false,false
2025-10-15,HA,210,2.0,9.379807692307692,212.0,1.4,10.280296603641156,1.9999999999999813,1.3416407864998738,2.768484947592536,false,false
2025-10-16,HA,220,2.0,17.43577981651376,213.8,1.2,11.025144874636217,3.9623225512317775,1.0954451150103321,4.10218113350932,false,true
2025-10-17,HA,220,3.0,34.433179723502306,215.6,1.4,16.15579995809266,4.393176527297748,1.3416407864998738,10.938332168995872,true,true
2025-10-18,HA,209,2.0,20.120772946859905,214.4,1.8,17.673908035836735,5.319774431308146,1.0954451150103321,10.835606278707386,false,false
2025-10-19,HA,211,0.0,19.563981042654028,214.0,1.8,20.18670424436754,5.522680508593622,1.0954451150103321,9.051392061365714,false,false
2025-10-20,HA,215,0.0,9.716279069767442,215.0,1.4,20.253998519859486,5.04975246918103,1.3416407864998738,8.951661028080538,false,false
2025-10-21,HA,213,0.0,5.849765258215962,213.6,1.0,17.93679560819993,4.219004621945786,1.414213562373095,11.10429391241915,false,false
2025-10-22,HA,209,0.0,3.813397129186603,211.4,0.4,11.812839089336789,2.60768096208104,0.8944271909999157,7.632936061344933,false,false
2025-10-23,HA,219,0.0,16.698630136986303,213.4,0.0,11.128410527362067,3.847076812334254,0.0,6.810907218653013,false,false
2025-10-24,HA,220,0.0,19.681818181818183,215.2,0.0,11.1519779551949,4.494441010848835,0.0,6.847499252116991,false,true
2025-10-25,HA,211,0.0,13.236966824644549,214.4,0.0,11.856115506170323,4.8785243670601774,0.0,6.843973313682885,false,false
2025-10-26,HA,210,2.0,10.79326923076923,213.8,0.4,12.844816300680975,5.263078946776298,0.8944271909999157,6.073006575665725,true,false
2025-10-27,HA,216,4.0,11.366197183098592,215.2,1.2,14.355376311463374,4.54972526643092,1.7888543819998315,3.7661804253476094,true,false
2025-10-28,HA,211,0.0,13.763033175355451,213.6,1.2,13.768256919137201,4.277849927241474,1.7888543819998315,3.531039010720678,false,false
2025-10-29,HA,207,2.0,11.776699029126213,211.0,1.6,12.187233088598807,3.24037034920391,1.6733200530681507,1.2620281533168676,false,false
2025-10-30,HA,217,18.0,26.7035175879397,212.2,5.2,14.88054324125784,4.207136793592513,7.293833011524188,6.703018668782532,true,true
2025-10-31,HA,205,3.0,19.603960396039604,211.2,5.4,16.642681474311914,5.31036721894069,7.197221686178632,6.515386445091052,false,false
2025-10-01,MQ,824,0.0,5.308252427184466,,,,,,,,
2025-10-02,MQ,921,0.0,7.285559174809989,,,,,,,,
2025-10-03,MQ,830,0.0,5.8590361445783135,,,,,,,,
2025-10-04,MQ,788,0.0,5.323604060913706,,,,,,,,
2025-10-05,MQ,908,0.0,4.765418502202643,854.2,0.0,5.708374061937823,57.52564645442935,0.0,0.9627463850013201,false,false
2025-10-06,MQ,931,1.0,12.352688172043012,875.6,0.2,7.117261210909533,63.11339002145266,0.4472135954999579,3.072845590238366,true,true
2025-10-07,MQ,841,0.0,9.838287752675386,859.6,0.2,7.627806926482611,58.71371219740752,0.4472135954999579,3.310660684957028,false,false
2025-10-08,MQ,879,0.0,4.734926052332196,869.4,0.2,7.402984908033389,56.58886816327042,0.4472135954999579,3.4939011740778225,false,false
2025-10-09,MQ,940,0.0,7.248936170212766,899.8,0.2,7.788051329893202,40.45614909998233,0.4472135954999579,3.3086215867384228,false,false
2025-10-10,MQ,942,0.0,8.23036093418259,906.6,0.2,8.48103981628919,44.80290169174315,0.4472135954999579,2.848072619358262,false,false
2025-10-11,MQ,864,0.0,6.837962962962963,893.2,0.0,7.378094774473181,45.69135585644184,0.0,1.8757446727596936,false,false
2025-10-12,MQ,936,0.0,16.748931623931625,912.2,0.0,8.76022354872443,37.59255245391034,0.0,4.644413481152707,false,true
2025-10-13,MQ,938,0.0,9.347547974413645,924.0,0.0,9.682747933140718,33.61547262794322,0.0,4.067215883838364,false,false
2025-10-14,MQ,841,0.0,6.726516052318669,904.2,0.0,9.5782639095619,47.93954526275777,0.0,4.151212559689471,false,false
2025-10-15,MQ,879,3.0,11.259977194982897,891.6,0.6,10.18418716172196,43.60389890823986,1.3416407864998738,4.126313883742923,true,false
2025-10-16,MQ,940,0.0,7.164893617021277,906.8,0.6,10.249573292533622,44.80736546595885,1.3416407864998738,4.062123996718857,false,false
2025-10-17,MQ,931,0.0,6.369495166487647,905.8,0.6,8.173686001044826,44.04202538485261,1.3416407864998738,2.0778722752109378,false,false
2025-10-18,MQ,864,60.0,41.59429280397023,891.0,12.6,14.623034966956144,42.935998882057014,26.529229163320974,15.20574488056304,true,true
2025-10-19,MQ,933,3.0,12.040860215053764,909.4,13.2,15.685903799503162,35.16105800455955,26.20496136230695,14.692879858924968,false,false
2025-10-20,MQ,936,0.0,9.615384615384615,920.8,12.6,15.356985283583507,31.93274181776444,26.529229163320974,14.834455787968674,false,false
2025-10-21,MQ,845,0.0,5.402366863905326,901.8,12.6,15.004479932960317,43.734425799363144,26.529229163320974,15.096415766645878,false,false
2025-10-22,MQ,879,0.0,5.053469852104665,891.4,12.6,14.741274870083718,41.16187556465328,26.529229163320974,15.294773054741556,false,false
2025-10-23,MQ,940,0.0,8.588297872340426,906.6,0.6,8.14007588375776,42.52411080786993,1.3416407864998738,2.9417573266657615,false,false
2025-10-24,MQ,904,32.0,10.54816513761468,900.8,6.4,7.841536868269943,39.92117232747557,14.310835055998654,2.487613937711263,true,true
2025-10-25,MQ,820,28.0,17.32704402515723,877.6,12.0,9.383868750224465,47.36348804722896,16.492422502470642,4.992175488585377,false,true
2025-10-26,MQ,940,9.0,29.005370569280345,896.6,13.8,14.104469491299469,49.9979999599984,15.303594349041012,9.45274938862487,false,true
2025-10-27,MQ,936,0.0,9.152777777777779,908.0,13.8,14.924331076434092,51.45872132107443,15.303594349041012,8.611847584574246,false,false
2025-10-28,MQ,777,0.0,7.312741312741313,875.4,13.8,14.66921976451427,73.16966584589545,15.303594349041012,8.861733018148554,false,false
2025-10-29,MQ,835,0.0,7.531736526946108,861.6,7.4,14.065934042380556,72.93353138303395,12.157302332343306,9.304059003410838,false,false
2025-10-30,MQ,932,0.0,7.681330472103005,884.0,1.8,12.136791331769711,74.15187118340305,4.024922359499621,9.457568691213952,false,false
2025-10-31,MQ,674,0.0,7.07566765578635,830.8,0.0,7.750850749070912,110.46130544222261,0.0,0.8164030243581782,false,false
2025-10-01,NK,361,2.0,3.284122562674095,,,,,,,,
2025-10-02,NK,591,6.0,15.092307692307692,,,,,,,,
2025-10-03,NK,591,4.0,9.46166950596252,,,,,,,,
2025-10-04,NK,421,0.0,3.7743467933491686,,,,,,,,
2025-10-05,NK,560,0.0,8.908928571428572,504.8,2.4,8.104275025144409,106.78108446724073,2.6076809620810595,4.8297188302581455,false,false
2025-10-06,NK,553,0.0,14.528028933092225,543.2,2.0,10.353056299228037,70.49964538917908,2.8284271247461903,4.638167588942608,false,false
2025-10-07,NK,296,0.0,4.0608108108108105,484.2,0.8,8.14675692292866,123.79297233688186,1.7888543819998317,4.439691970251853,false,false
2025-10-08,NK,304,0.0,5.703947368421052,426.8,0.0,7.395212495420365,128.34601668926075,0.0,4.479332747431646,false,false
2025-10-09,NK,565,0.0,13.580530973451328,455.6,0.0,9.356449331440796,142.13479517697274,0.0,4.641468896165111,false,false
2025-10-10,NK,555,6.0,20.167272727272728,454.6,1.2,11.608118162609628,141.23137045288485,2.6832815729997477,6.661390603605446,true,true
2025-10-11,NK,393,0.0,15.458015267175572,422.6,1.2,11.794115429426299,131.12703763907732,2.6832815729997477,6.775310933585637,false,false
2025-10-12,NK,566,0.0,15.3886925795053,476.6,1.2,14.059691783165198,121.17466731953505,2.6832815729997477,5.269538795699453,false,false
2025-10-13,NK,553,10.0,19.59852670349908,526.4,3.2,16.8386076501808,74.79839570472079,4.604345773288535,2.8861963311577203,true,false
2025-10-14,NK,296,0.0,12.216216216216216,472.6,3.2,16.565744698733777,121.96433905039618,4.604345773288535,3.3052868647793594,false,false
2025-10-15,NK,304,0.0,3.4078947368421053,422.4,2.0,13.213869100647653,130.89805193355627,4.47213595499958,6.076231282382339,false,false
2025-10-16,NK,565,0.0,8.945132743362832,456.8,2.0,11.911292595885106,143.2574605387098,4.47213595499958,6.172210639338899,false,false
2025-10-17,NK,555,0.0,8.390990990990991,454.6,2.0,10.511752278182245,141.23137045288485,4.47213595499958,5.976859207485828,false,false
2025-10-18,NK,393,0.0,8.661577608142494,422.6,0.0,8.324362459110926,131.12703763907732,0.0,3.155221453979613,false,false
2025-10-19,NK,566,0.0,24.7773851590106,476.6,0.0,10.836596247669805,121.17466731953505,0.0,8.121276484479637,false,true
2025-10-20,NK,548,0.0,11.173357664233576,525.4,0.0,12.389688833148098,74.38615462570971,0.0,7.01227220964827,false,false
2025-10-21,NK,296,0.0,6.8175675675675675,471.6,0.0,11.964175797989046,121.15816109532199,0.0,7.3308612760716665,false,false
2025-10-22,NK,304,0.0,6.782894736842105,421.4,0.0,11.642556547159268,129.6641816385697,0.0,7.558553718356857,false,false
2025-10-23,NK,561,3.0,7.991055456171735,455.0,0.6,11.508452116765117,141.67568598739868,1.3416407864998738,7.630272636749456,true,false
2025-10-24,NK,551,1.0,18.64181818181818,452.0,0.8,10.281338721326634,138.8686429688142,1.3038404810405297,5.00438639986572,false,true
2025-10-25,NK,394,0.0,13.586294416243655,421.2,0.8,10.76392607172865,128.9794557284221,1.3038404810405297,5.223459451208159,false,false
2025-10-26,NK,563,9.0,23.500900900900902,474.6,2.6,14.100592738395317,119.07686593121267,3.7815340802378077,7.073333278713863,true,true
2025-10-27,NK,531,3.0,36.178030303030305,520.0,3.2,19.979619851632954,71.56814934033152,3.492849839314596,10.73752672958894,false,true
2025-10-28,NK,267,0.0,9.651685393258427,461.2,2.6,20.311745839050296,127.99296855687031,3.7815340802378077,10.290370943621488,false,false
2025-10-29,NK,274,0.0,12.44890510948905,405.8,2.4,19.07316322458447,138.89096442893612,3.9115214431215892,10.896468557783882,false,false
2025-10-30,NK,433,44.0,30.629820051413883,413.6,11.2,22.481868351618516,139.15746476563876,18.700267377767624,11.404893057377935,true,false
2025-10-31,NK,418,68.0,27.50857142857143,384.6,23.0,23.28340245715262,112.86407754462884,31.32091952673165,11.632963664481514,true,false
2025-10-01,OH,633,0.0,2.7456556082148498,,,,,,,,
2025-10-02,OH,693,0.0,6.6103896103896105,,,,,,,,
2025-10-03,OH,658,0.0,6.732522796352583,,,,,,,,
2025-10-04,OH,548,0.0,7.7536496350364965,,,,,,,,
2025-10-05,OH,677,0.0,13.549483013293944,641.8,0.0,7.478340132657496,57.00614002017679,0.0,3.8936633012928765,false,true
2025-10-06,OH,694,0.0,12.5835734870317,654.0,0.0,9.445923708420867,61.03687410082533,0.0,3.3522617279974902,false,false
2025-10-07,OH,652,0.0,7.92638036809816,645.8,0.0,9.709121859962575,57.11567210494859,0.0,3.1174118583824133,false,false
2025-10-08,OH,670,0.0,8.297014925373134,648.2,0.0,10.022020285766686,58.0017241123055,0.0,2.807018153842767,false,false
2025-10-09,OH,698,0.0,14.207736389684813,678.2,0.0,11.312837636696349,18.686893802876916,0.0,2.98165517750676,false,false
2025-10-10,OH,698,0.0,15.932664756446991,682.4,0.0,11.78947398532696,20.610676844781196,0.0,3.5624913832092275,false,true
2025-10-11,OH,594,0.0,14.227272727272727,662.4,0.0,12.118213833375163,42.95113502574757,0.0,3.72616755765595,false,false
2025-10-12,OH,678,0.0,8.82448377581121,667.6,0.0,12.297834514917774,42.95113502574757,0.0,3.4875912395307207,false,false
2025-10-13,OH,698,0.0,13.431232091690545,673.2,0.0,13.324677948181256,45.113190975589376,0.0,2.6767128213993296,false,false
2025-10-14,OH,652,1.0,10.10122699386503,664.0,0.2,12.503376069017301,43.451121964800855,0.4472135954999579,2.953697939581608,true,false
2025-10-15,OH,670,1.0,5.699551569506727,658.4,0.4,10.456753431629249,39.60807998376088,0.5477225575051661,3.4815948892790343,true,false
2025-10-16,OH,698,0.0,7.383954154727793,679.2,0.4,9.08808971712026,19.575494885187442,0.5477225575051661,2.930234193390276,false,false
2025-10-17,OH,698,0.0,7.759312320916905,683.2,0.4,8.875055426141401,21.241468875762795,0.5477225575051661,2.9922538722156187,false,false
2025-10-18,OH,594,36.0,18.55098389982111,662.4,7.6,9.899005787767512,42.95113502574757,15.883954167649817,5.085194373076052,true,true
2025-10-19,OH,678,4.0,29.394658753709198,667.6,8.2,13.757692139736346,42.95113502574757,15.626899884494044,10.11223388507381,false,true
2025-10-20,OH,698,0.0,15.577363896848137,673.2,8.0,15.733254605204626,45.113190975589376,15.74801574802362,9.053900225385657,false,false
2025-10-21,OH,652,0.0,21.73159509202454,664.0,8.0,18.60278279266398,43.451121964800855,15.74801574802362,7.952841436482392,false,false
2025-10-22,OH,670,4.0,25.503003003003002,658.4,8.8,22.151520929081197,39.60807998376088,15.33623161014465,5.478485715289757,false,false
2025-10-23,OH,698,0.0,11.179083094555875,679.2,1.6,20.67714076802815,19.575494885187442,2.190890230020658,7.35895311453082,false,false
2025-10-24,OH,666,15.0,9.021472392638037,676.8,3.8,16.602503495813917,20.47437422731155,6.496152707564684,6.9545471583932255,true,false
2025-10-25,OH,590,4.0,16.660409556313994,655.2,4.6,16.819112627707092,40.08989897717379,6.148170459575756,6.931463572861768,false,false
2025-10-26,OH,678,1.0,19.081240768094535,660.4,4.8,16.289041762921087,41.24075654010242,5.974947698515859,6.552873667339961,false,false
2025-10-27,OH,699,0.0,15.200286123032905,666.2,4.0,14.228498386927068,44.81294455846435,6.363961030678924,4.087166661893125,false,false
2025-10-28,OH,634,0.0,13.421135646687697,653.4,4.0,14.676908897353433,42.54174420495709,6.363961030678924,3.780451901824625,false,false
2025-10-29,OH,658,0.0,15.583586626139818,651.8,1.0,15.98933174405379,42.097505864362084,1.7320508075688652,2.085251791171872,false,false
2025-10-30,OH,672,26.0,44.250773993808046,668.2,5.4,21.5074046315526,24.14953415699775,11.523888232710345,12.87833675962934,true,true
2025-10-31,OH,527,1.0,14.680608365019012,638.0,5.4,20.627278150937496,66.35887280537547,11.523888232710345,13.231137459046076,false,false
2025-10-01,OO,2303,3.0,13.503259452411994,,,,,,,,
2025-10-02,OO,2433,2.0,8.724393253805019,,,,,,,,
2025-10-03,OO,2379,0.0,10.432955023118957,,,,,,,,
2025-10-04,OO,2067,0.0,12.298500241896468,,,,,,,,
2025-10-05,OO,2413,0.0,14.507666804807293,2319.0,1.0,11.893354955207945,149.32514858522657,1.414213562373095,2.332683426174851,false,true
2025-10-06,OO,2417,0.0,13.193628465039305,2341.8,0.4,11.83142875773341,154.87155968737446,0.8944271909999157,2.2828377246086955,false,false
2025-10-07,OO,2246,0.0,10.616206589492432,2304.4,0.0,12.20979142487089,149.83924719511907,0.0,1.7286335690135601,false,false
2025-10-08,OO,2307,4.0,8.293964394268345,2290.0,0.8,11.781993299100767,144.23245127224317,1.7888543819998317,2.409055500430972,true,false
2025-10-09,OO,2423,2.0,13.573316811235026,2361.2,1.2,12.036956612968481,80.35048226364297,1.7888543819998317,2.541221294117442,false,false
2025-10-10,OO,2419,4.0,13.878674948240166,2362.4,2.0,11.911158241655054,81.35600776832648,2.0,2.3999799002282227,false,false
2025-10-11,OO,2093,1.0,12.324569789674952,2297.6,2.2,11.737346506582183,136.9992700710482,1.7888543819998317,2.313803185446076,false,false
2025-10-12,OO,2410,0.0,14.014522821576763,2330.4,2.2,12.41700975299905,141.12689325567965,1.7888543819998317,2.3996670257117105,false,false
2025-10-13,OO,2412,7.0,11.643243243243242,2351.4,2.8,13.086865522794032,144.5451486560514,2.7748873851023212,1.0475310445260215,true,false
2025-10-14,OO,2246,3.0,10.652697280427999,2316.0,3.0,12.502741616632624,144.30003465003048,2.7386127875258306,1.4467050186850658,false,false
2025-10-15,OO,2310,1.0,11.456907752273711,2294.2,2.4,12.018388177439334,132.60920028414316,2.792848008753788,1.2648523938461784,false,false
2025-10-16,OO,2425,0.0,13.762061855670103,2360.6,2.2,12.305886590638364,78.93541663917415,2.949576240750525,1.4943878630895548,false,false
2025-10-17,OO,2427,0.0,7.3930778739184175,2364.0,2.2,10.981597601106694,81.90543327521081,2.949576240750525,2.311943198903655,false,false
2025-10-18,OO,2089,34.0,20.633576642335765,2299.4,7.6,12.779664280925198,140.79169009568716,14.808781178746615,4.94818226602019,true,true
2025-10-19,OO,2416,3.0,20.03646912556983,2333.4,7.6,14.656418649953565,145.13200887467937,14.808781178746615,5.667102965244793,false,false
2025-10-20,OO,2417,3.0,16.053438276719138,2354.8,8.0,15.57572475484265,148.66472345516272,14.611639196202457,5.384083008171162,false,false
2025-10-21,OO,2253,4.0,12.620275678079146,2320.4,8.8,15.347367519324461,148.25923242752881,14.166862743741113,5.503134796503476,false,false
2025-10-22,OO,2314,0.0,6.781763180639585,2297.8,8.8,15.22510458066869,136.057708344658,14.166862743741111,5.726300794295325,false,false
2025-10-23,OO,2430,5.0,11.713520197856553,2366.0,3.0,13.44109329177285,78.53343237118831,1.8708286933869553,4.958030268872579,true,false
2025-10-24,OO,2424,19.0,12.09022869022869,2367.6,6.2,11.851845204704622,79.87678010535983,7.395944834840234,3.317588053075927,true,false
2025-10-25,OO,2059,6.0,12.995616171456405,2296.0,6.8,11.240280783652077,152.2185928196684,7.190271204899015,2.540193616426989,false,false
2025-10-26,OO,2433,1.0,19.273848684210527,2332.0,6.2,12.570995384878353,160.56307171949598,7.596051605933173,4.460665729193347,false,true
2025-10-27,OO,2459,0.0,13.123220821472144,2361.0,6.2,13.839286913044864,169.35318125148996,7.596051605933173,3.0958472752435373,false,false
2025-10-28,OO,2198,11.0,7.993607305936073,2314.6,7.4,13.095304334660767,177.3169478645513,7.829431652425349,4.03802603271082,false,false
2025-10-29,OO,2253,14.0,6.480571683787405,2280.4,6.4,11.973372933372511,167.14006102667307,6.107372593840983,5.041663356693839,true,false
2025-10-30,OO,2402,14.0,11.876517371285056,2349.0,8.0,11.749553173338242,116.17013385547936,6.964194138592055,5.009675661809545,false,false
2025-10-31,OO,2050,5.0,11.595110024449879,2272.4,8.8,10.21380544138611,163.54601798882172,6.140032573203495,2.828587333654059,false,false
2025-10-01,UA,2320,1.0,9.808189655172415,,,,,,,,
2025-10-02,UA,2403,0.0,5.697461506450271,,,,,,,,
2025-10-03,UA,2386,3.0,7.356394129979035,,,,,,,,
2025-10-04,UA,2075,0.0,7.586024096385542,,,,,,,,
2025-10-05,UA,2391,5.0,6.963118189438391,2315.0,1.8,7.48223751548513,138.0090576737628,2.16794833886788,1.4909369407580684,true,false
2025-10-06,UA,2397,5.0,12.107859531772576,2330.4,2.6,7.942171490805163,142.91535956642306,2.5099800796022267,2.4402971754709992,false,true
2025-10-07,UA,2258,9.0,7.351267229879947,2301.4,4.4,8.272932635491099,139.16285423919703,3.286335345030997,2.155436816285404,true,false
2025-10-08,UA,2302,4.0,6.579634464751958,2284.6,4.6,8.117580702445682,131.24138066936052,3.2093613071762426,2.2633037922156922,false,false
2025-10-09,UA,2402,1.0,8.991670137442732,2350.0,4.8,8.398709910657121,65.88247111333943,2.863564212655271,2.268065694584874,false,false
2025-10-10,UA,2386,2.0,10.61744966442953,2349.0,4.2,9.12957620565535,65.13831437794506,3.1144823004794877,2.278570976452521,false,false
2025-10-11,UA,2077,1.0,10.521425132402504,2285.0,3.4,8.812289325781332,130.54884143492046,3.361547262794323,1.8255998892477479,false,false
2025-10-12,UA,2387,4.0,12.003355704697986,2310.8,2.4,9.742707020744941,136.49065902104806,1.5165750888103118,2.0646545387133624,true,true
2025-10-13,UA,2396,17.0,17.39806641445986,2329.6,5.0,11.906393410686523,141.36230049061882,6.8190908484929285,3.249730717278351,true,true
2025-10-14,UA,2255,6.0,11.827555555555556,2300.2,6.0,12.473570494309088,137.78134852003737,6.442049363362563,2.8348347996915773,false,false
2025-10-15,UA,2317,4.0,9.627484874675886,2286.4,6.4,12.275577536358359,130.29121229000825,6.188699378706321,3.0250688474954277,false,false
2025-10-16,UA,2402,3.0,9.9425,2351.4,6.8,12.159792509877859,63.8224098573533,5.805170109479997,3.118626917447793,false,false
2025-10-17,UA,2380,7.0,7.115838247683235,2350.0,7.4,11.182289018474908,62.9166114790044,5.594640292279746,3.858198159357918,false,false
2025-10-18,UA,2069,1.0,16.339941972920695,2284.6,4.2,10.970664130167075,133.50393252634913,2.3874672772626657,3.438180552370712,false,true
2025-10-19,UA,2385,4.0,9.073467674223341,2310.6,3.8,10.419846553900632,138.84991897728995,2.1679483388678817,3.486847914260158,false,false
2025-10-20,UA,2395,3.0,9.187134502923977,2326.2,3.6,10.33177647955025,144.03367661765768,2.190890230020666,3.5172927724551326,false,false
2025-10-21,UA,2254,1.0,7.120284065690191,2296.6,3.2,9.767333292688287,139.70433064153733,2.489979919597748,3.809677170687684,false,false
2025-10-22,UA,2314,3.0,7.711380354824751,2283.4,2.4,9.88644171411659,132.80173191641734,1.3416407864998765,3.7141668987871066,false,false
2025-10-23,UA,2397,3.0,8.93984962406015,2349.0,2.8,8.406423244344483,63.17831906595786,1.0954451150103355,0.9322339631797395,false,false
2025-10-24,UA,2379,3.0,9.777356902356903,2347.8,2.6,8.547201089971193,62.375475950087726,0.8944271909999197,1.0967747561105732,false,true
2025-10-25,UA,2077,6.0,11.357315306615162,2284.2,3.2,8.98123725070943,128.88250463115605,1.7888543819998335,1.6850036836751145,true,true
2025-10-26,UA,2298,8.0,17.429257641921396,2293.0,4.6,11.043031965955672,127.80258213353893,2.302172886644269,3.8081446988792345,true,true
2025-10-27,UA,2323,6.0,11.64436771687527,2294.8,5.2,11.829629438365776,128.23494063631784,2.1679483388678813,3.3232472259742054,false,false
2025-10-28,UA,2187,2.0,9.493821510297483,2252.8,5.0,11.940423815613242,120.5537224643021,2.449489742783179,3.2101278335640764,false,false
2025-10-29,UA,2234,5.0,6.425751458052939,2223.8,5.4,11.27010272675245,97.9219076611561,2.1908902300206656,4.021995268534294,false,false
2025-10-30,UA,2330,60.0,33.11101360245722,2274.4,16.2,15.620842385920861,61.80857545680835,24.580480060405655,10.572120029794606,true,true
2025-10-31,UA,2239,14.0,19.986522911051214,2262.6,17.4,16.132295439746823,61.80857545680835,24.223955085823615,10.741971039752954,false,false
2025-10-01,WN,3394,1.0,4.730916592985558,,,,,,,,
2025-10-02,WN,4216,2.0,7.749703440094899,,,,,,,,
2025-10-03,WN,4227,4.0,10.20412029363012,,,,,,,,
2025-10-04,WN,3218,0.0,5.67433188315724,,,,,,,,
2025-10-05,WN,4202,1.0,11.837934316991909,3851.4,1.6,8.039401305371944,501.8314458062587,1.51657508881031,2.989080571665292,false,true
2025-10-06,WN,4224,12.0,13.915954415954415,4017.4,3.8,9.876408869965717,446.9829974394999,4.8166378315169185,3.257807240428598,true,true
2025-10-07,WN,3804,10.0,10.09910384818134,3935.0,5.4,10.346288951583006,439.12526686584545,5.366563145999495,3.0362811412784674,false,false
2025-10-08,WN,3802,0.0,7.667543398211468,3850.0,4.6,9.838973572499274,408.54130758100825,5.89915248150105,3.268969027792341,false,false
2025-10-09,WN,4225,4.0,17.837005448945746,4051.4,5.4,12.271508285656974,226.9444866041032,5.366563145999495,3.8659663042092234,false,true
2025-10-10,WN,4231,5.0,23.18168914123492,4057.2,6.2,14.54025925050558,232.06830890925193,4.816637831516918,6.182448687084525,false,true
2025-10-11,WN,3228,0.0,8.162019826517968,3858.0,3.8,13.389472332618288,411.330159361066,4.147288270665544,6.82937251958582,false,false
2025-10-12,WN,4209,6.0,19.058529621698785,3939.0,3.0,15.181357487321776,437.1069663137388,2.828427124746189,6.924932125847209,true,false
2025-10-13,WN,4230,21.0,22.80190023752969,4024.6,7.2,18.20822885518542,445.40015716207375,8.043631020876083,6.07503617364607,true,false
2025-10-14,WN,3803,17.0,14.8256735340729,3940.2,9.8,17.60596247221085,437.8512304424871,8.814760348415605,6.267266304920615,false,false
2025-10-15,WN,3802,1.0,9.540121020784005,3854.4,9.0,14.877648848120671,407.6092491590444,9.513148795220223,6.202118630397237,false,false
2025-10-16,WN,4228,3.0,13.072662721893492,4054.4,9.6,15.859777427195775,230.09845718735255,8.87693640846886,5.176884223473172,false,false
2025-10-17,WN,4235,5.0,9.673835972583314,4059.6,9.4,13.98283869737268,234.71322928203242,8.988882021697693,5.422635017993724,false,false
2025-10-18,WN,3231,0.0,17.492417208294647,3859.8,5.2,12.92094209152567,411.7957017745571,6.870225614927067,3.4103905575897366,false,true
2025-10-19,WN,4216,2.0,18.43877551020408,3942.4,2.2,13.643562486751907,438.1327424422876,1.9235384061671346,4.205075433665267,false,true
2025-10-20,WN,4227,5.0,18.396020843202272,4027.4,3.0,15.414742451235563,445.2530741050531,2.1213203435596424,3.89848925365612,false,false
2025-10-21,WN,3802,3.0,6.966578947368421,3942.2,3.0,14.193525696330548,437.9699761399175,2.1213203435596424,5.459444824354008,false,false
2025-10-22,WN,3802,4.0,10.612954186413901,3855.6,2.8,14.381349339096664,407.3380659845086,1.9235384061671346,5.278225546891536,false,false
2025-10-23,WN,4219,4.0,14.470825426944971,4053.2,3.6,13.77703098282673,229.34842489103755,1.1401754250991383,4.998547764109852,false,false
2025-10-24,WN,4224,75.0,16.33365454107444,4054.8,18.2,13.356006789000805,230.7914643135657,31.76003778335284,4.578757312892632,true,false
2025-10-25,WN,3220,4.0,11.354989120298415,3853.4,18.0,11.947800444420029,411.54805308736417,31.866910738256383,3.6244716380734077,false,false
2025-10-26,WN,4209,21.0,33.532824063022204,3934.8,21.6,17.261049467550787,438.22562681796677,30.74573141104306,9.387422166451223,false,true
2025-10-27,WN,4222,16.0,24.381031613976706,4018.8,24.0,20.01466495306335,446.58000403063267,29.470324056582747,8.959349354344816,false,false
2025-10-28,WN,3803,6.0,13.686331314195417,3935.6,24.4,19.857766130513436,438.63800564930517,29.142752100651023,9.086670555870322,false,false
2025-10-29,WN,3805,2.0,7.321588219826452,3851.8,9.8,18.05535286626384,408.7734091156124,8.25832912882501,10.709379690270888,false,false
2025-10-30,WN,4214,68.0,16.942140790742528,4050.6,22.6,19.17278320035266,225.1628299697795,26.491508073343045,10.11019741944582,true,false
2025-10-31,WN,3116,6.0,18.50225080385852,3832.0,19.6,16.166668548519926,450.6245665739939,27.54632461872182,6.283302894538577,false,false
2025-10-01,YX,984,0.0,6.154471544715447,,,,,,,,
2025-10-02,YX,1002,0.0,3.244510978043912,,,,,,,,
2025-10-03,YX,995,0.0,7.44321608040201,,,,,,,,
2025-10-04,YX,760,0.0,5.132894736842105,,,,,,,,
2025-10-05,YX,946,0.0,4.616279069767442,937.4,0.0,5.318274481954183,101.49778322702421,0.0,1.5844763017606027,false,false
2025-10-06,YX,1032,0.0,10.358527131782946,947.0,0.0,6.159085599367684,108.99999999999999,0.0,2.7934013842387757,false,true
2025-10-07,YX,1021,0.0,7.285994123408423,950.8,0.0,6.967382228440586,111.69467310485311,0.0,2.2760066766876155,false,false
2025-10-08,YX,1014,0.0,14.25542406311637,954.6,0.0,8.329823824983459,113.87624862103597,0.0,4.010259529589915,false,true
2025-10-09,YX,1036,0.0,17.373552123552123,1009.8,0.0,10.777955302325461,36.71784307390611,0.0,5.146130907551579,false,true
2025-10-10,YX,1032,0.0,10.002906976744185,1027.0,0.0,11.855280883720809,9.165151389911445,0.0,3.961121909923449,false,false
2025-10-11,YX,785,0.0,12.505732484076432,977.6,0.0,12.284721954179506,108.01990557300074,0.0,3.8737147696553467,false,false
2025-10-12,YX,989,18.0,31.49330587023687,971.2,3.6,17.126184303545195,105.72937151047479,8.049844718999243,8.467678138058984,true,true
2025-10-13,YX,1036,136.0,48.33629300776914,975.6,30.8,23.94235809247575,108.38034877227513,59.32284551502903,15.971339858994119,true,true
2025-10-14,YX,1021,1.0,35.5735294117647,972.6,31.0,27.582353550118267,106.48145378421539,59.194594347794975,16.172676705704667,false,false
2025-10-15,YX,1020,0.0,6.469607843137255,970.2,31.0,26.875693723396882,104.93188266680436,59.194594347794975,17.178737848114682,false,false
2025-10-16,YX,1036,0.0,6.338803088803089,1020.4,31.0,25.642307844342213,19.19114379082171,59.194594347794975,18.628593770742793,false,false
2025-10-17,YX,1031,0.0,6.386032977691562,1028.8,27.4,20.62085326583315,7.854934754661869,60.71078981532031,19.991203921489188,false,false
2025-10-18,YX,783,0.0,8.669220945083014,978.2,0.2,12.687438853295925,109.32840436044056,0.4472135955009748,12.831538594012276,false,false
2025-10-19,YX,985,0.0,11.407106598984772,971.0,0.0,7.854154290739939,106.96494752955287,9.5367431640625e-7,2.21677931221692,false,true
2025-10-20,YX,1036,0.0,15.352316602316602,974.2,0.0,9.630696042575808,109.01697115587095,9.5367431640625e-7,3.813836922358863,false,true
2025-10-21,YX,1021,0.0,5.328109696376102,971.2,0.0,9.42855736409041,107.08034366773389,9.5367431640625e-7,4.051320713733283,false,false
2025-10-22,YX,1020,0.0,6.786274509803921,969.0,0.0,9.508605670512882,105.64800045433893,9.5367431640625e-7,3.9794931676507677,false,false
2025-10-23,YX,1036,0.0,8.926640926640927,1019.6,0.0,9.560089666824464,20.839865642561087,9.5367431640625e-7,3.9675662162703875,false,false
2025-10-24,YX,1036,0.0,9.872586872586872,1029.8,0.0,9.253185721544885,8.497058314499078,9.5367431640625e-7,3.8464775938429066,false,false
2025-10-25,YX,782,0.0,5.547314578005115,979.0,0.0,7.292185316682587,110.39927535994065,9.5367431640625e-7,2.030272765672702,false,false
2025-10-26,YX,971,0.0,10.114315139031925,969.0,0.0,8.24942640521375,107.87956247593887,9.5367431640625e-7,2.0008311520577333,false,false
2025-10-27,YX,1031,0.0,3.731328806983511,971.2,0.0,7.63843726464967,109.28266102177416,9.5367431640625e-7,2.8468910667970335,false,false
2025-10-28,YX,993,0.0,8.389728096676738,962.6,0.0,7.531054698656833,104.49545444659302,9.5367431640625e-7,2.7958213975037465,false,false
2025-10-29,YX,993,0.0,9.692849949647533,954.0,0.0,7.495107314068965,98.54440623394105,9.5367431640625e-7,2.759102836988958,false,false
2025-10-30,YX,1011,337.0,50.48994252873563,999.8,67.4,16.483632904215067,22.47665455533804,150.71098168348584,19.17840315974223,true,true
2025-10-31,YX,938,50.0,36.760404949381325,993.2,77.4,21.812850866284947,34.615025639164266,146.72695730505694,20.614443033780713,false,false
